{
    "A_s": 2.10732e-09,
    "h": 0.677,
    "k_pivot": 0.05,
    "n_s": 0.96824,
    "omega_b": 0.02247,
    "omega_cdm": 0.11923,
    "z_cmb": 1088.6464513003543
}